DATE,FractionDate,Actor1CountryCode,Actor2CountryCode,IsRootEvent,EventCode,EventBaseCode,EventRootCode,GoldsteinScale,AvgTone,Actor1Geo_CountryCode,Actor1Geo_Lat,Actor1Geo_Long,Actor2Geo_CountryCode,Actor2Geo_Lat,Actor2Geo_Long,ActionGeo_CountryCode,ActionGeo_Lat,ActionGeo_Long,Protests_Count,Demonstrations_Count,Political_Events_Count,Conflicts_Count,Gatherings_Count,Counts,V2Counts,TranslationInfo,Cultural_Event,Entertainment_Event,Tourism_Event,Sports_Event,Religious_Event,Food_Event,V2Tone_avg,Power demand_mean,Power demand_max,Power demand_min,Power demand_std,temp_mean,temp_std,dwpt_mean,dwpt_std,rhum_mean,rhum_std,wdir_mean,wspd_mean,wspd_std,pres_mean,pres_std,moving_avg_3_mean
2021-01-01,2021.0027,0,0,1,020,020,02,3.0,-4.36893203883495,IN,28.6667,77.2167,0,,,IN,28.6667,77.2167,0,0,0,0,0,KILL#2000##1#India#IN#IN#20#77#IN;CRISISLEX_T03_DEAD#2000##1#India#IN#IN#20#77#IN;ARREST#263#Pakistan civilian#1#India#IN#IN#20#77#IN;ARREST#77#fishermen#1#Pakistan#PK#PK#30#70#PK;ARREST#49#civilian#1#Pakistan#PK#PK#30#70#PK;ARREST#270#fishermen#1#Pakistan#PK#PK#30#70#PK;ARREST#3#Indian civilian#1#Pakistan#PK#PK#30#70#PK;ARREST#22#civilian#1#Pakistan#PK#PK#30#70#PK;ARREST#22#civilian prisoners#1#Pakistan#PK#PK#30#70#PK;ARREST#80#Pakistan#1#India#IN#IN#20#77#IN;,KILL#2000##1#India#IN#IN#20#77#IN#2364;CRISISLEX_T03_DEAD#2000##1#India#IN#IN#20#77#IN#2364;ARREST#263#Pakistan civilian#1#India#IN#IN#20#77#IN#213;ARREST#77#fishermen#1#Pakistan#PK#PK#30#70#PK#271;ARREST#49#civilian#1#Pakistan#PK#PK#30#70#PK#326;ARREST#270#fishermen#1#Pakistan#PK#PK#30#70#PK#379;ARREST#3#Indian civilian#1#Pakistan#PK#PK#30#70#PK#856;ARREST#22#civilian#1#Pakistan#PK#PK#30#70#PK#1092;ARREST#22#civilian prisoners#1#Pakistan#PK#PK#30#70#PK#1092;ARREST#80#Pakistan#1#India#IN#IN#20#77#IN#1750;,,0,0,0,0,1,0,-2.492682780547505,3255.830390070922,4981.93,1602.64,1052.1858897461927,10.48936170212766,4.258175341900738,6.082978723404255,1.4926609284202919,77.04255319148936,18.483376137979104,46.59574468085106,3.8680851063829786,4.169492986560012,1018.0,1.459927361328641,3264.2482142857143
2021-01-02,2021.0055,CAN,CAN,2,140140,140140,1414,-6.5,-0.57142857142858,CA,49.25,-123.133,CACA,49.25,-123.133,ININ,28.6,77.2,2,0,0,0,0,"ARREST#39##1#Pakistan#PK#PK#30#70#PK;KILL#6##4#Dundurn, Saskatchewan, Canada#CA#CA11#51.8#-106.5#-563868;KILL#6##4#Dundurn, Saskatchewan, Canada#CA#CA11#51.8#-106.5#-563868;KILL#2##4#Dundurn, Saskatchewan, Canada#CA#CA11#51.8#-106.5#-563868;AFFECT#12##4#Dundurn, Saskatchewan, Canada#CA#CA11#51.8#-106.5#-563868;KILL#5##4#Dundurn, Saskatchewan, Canada#CA#CA11#51.8#-106.5#-563868;KILL#70##4#Dundurn, Saskatchewan, Canada#CA#CA11#51.8#-106.5#-563868;CRISISLEX_T03_DEAD#70##4#Dundurn, Saskatchewan, Canada#CA#CA11#51.8#-106.5#-563868;KILL#174#coronavirusrelated#4#Dundurn, Saskatchewan, Canada#CA#CA11#51.8#-106.5#-563868;KILL#38##1#Canada#CA#CA#60#-96#CA;KILL#38##1#Canada#CA#CA#60#-96#CA;KILL#19##1#Canada#CA#CA#60#-96#CA;CRISISLEX_T03_DEAD#19##1#Canada#CA#CA#60#-96#CA;KILL#19##1#Canada#CA#CA#60#-96#CA;KILL#8##4#Burlington, Newfoundland, Canada#CA#CA05#49.75#-56.0333#-561858;KILL#8#tied#4#Burlington, Newfoundland, Canada#CA#CA05#49.75#-56.0333#-561858;KILL#4#tied#4#Burlington, Newfoundland, Canada#CA#CA05#49.75#-56.0333#-561858;KILL#10##4#Burlington, Newfoundland, Canada#CA#CA05#49.75#-56.0333#-561858;KILL#18##1#Canada#CA#CA#60#-96#CA;KILL#19##4#Burlington, Newfoundland, Canada#CA#CA05#49.75#-56.0333#-561858;KILL#10#units involved#4#Niagara Falls, Ontario, Canada#CA#CA08#43.1#-79.05#-570141;KILL#24##1#Canada#CA#CA#60#-96#CA;KILL#7##1#Canada#CA#CA#60#-96#CA;KILL#142##1#Canada#CA#CA#60#-96#CA;KILL#6#total#4#Brantford, Ontario, Canada#CA#CA08#43.1333#-80.2667#-561588;ARREST#2#Zambian nationals#1#India#IN#IN#20#77#IN;SOC_GENERALCRIME#2#Zambian nationals#1#India#IN#IN#20#77#IN;CRISISLEX_C07_SAFETY#2#Zambian nationals#1#India#IN#IN#20#77#IN;SEIZE#5##1#Zambia#ZA#ZA#-15#30#ZA;ARREST#2#Zambian nationals#1#India#IN#IN#20#77#IN;SOC_GENERALCRIME#2#Zambian nationals#1#India#IN#IN#20#77#IN;CRISISLEX_C07_SAFETY#2#Zambian nationals#1#India#IN#IN#20#77#IN;SEIZE#5##1#Zambia#ZA#ZA#-15#30#ZA;","ARREST#39##1#Pakistan#PK#PK#30#70#PK#4936;KILL#6##4#Dundurn, Saskatchewan, Canada#CA#CA11#51.8#-106.5#-563868#54;KILL#6##4#Dundurn, Saskatchewan, Canada#CA#CA11#51.8#-106.5#-563868#342;KILL#2##4#Dundurn, Saskatchewan, Canada#CA#CA11#51.8#-106.5#-563868#580;AFFECT#12##4#Dundurn, Saskatchewan, Canada#CA#CA11#51.8#-106.5#-563868#819;KILL#5##4#Dundurn, Saskatchewan, Canada#CA#CA11#51.8#-106.5#-563868#877;KILL#70##4#Dundurn, Saskatchewan, Canada#CA#CA11#51.8#-106.5#-563868#937;CRISISLEX_T03_DEAD#70##4#Dundurn, Saskatchewan, Canada#CA#CA11#51.8#-106.5#-563868#937;KILL#174#coronavirusrelated#4#Dundurn, Saskatchewan, Canada#CA#CA11#51.8#-106.5#-563868#985;KILL#38##1#Canada#CA#CA#60#-96#CA#2615;KILL#38##1#Canada#CA#CA#60#-96#CA#2615;KILL#19##1#Canada#CA#CA#60#-96#CA#2720;CRISISLEX_T03_DEAD#19##1#Canada#CA#CA#60#-96#CA#2720;KILL#19##1#Canada#CA#CA#60#-96#CA#3161;KILL#8##4#Burlington, Newfoundland, Canada#CA#CA05#49.75#-56.0333#-561858#3457;KILL#8#tied#4#Burlington, Newfoundland, Canada#CA#CA05#49.75#-56.0333#-561858#3532;KILL#4#tied#4#Burlington, Newfoundland, Canada#CA#CA05#49.75#-56.0333#-561858#3864;KILL#10##4#Burlington, Newfoundland, Canada#CA#CA05#49.75#-56.0333#-561858#4242;KILL#18##1#Canada#CA#CA#60#-96#CA#4393;KILL#19##4#Burlington, Newfoundland, Canada#CA#CA05#49.75#-56.0333#-561858#5276;KILL#10#units involved#4#Niagara Falls, Ontario, Canada#CA#CA08#43.1#-79.05#-570141#6318;KILL#24##1#Canada#CA#CA#60#-96#CA#7322;KILL#7##1#Canada#CA#CA#60#-96#CA#7523;KILL#142##1#Canada#CA#CA#60#-96#CA#7606;KILL#6#total#4#Brantford, Ontario, Canada#CA#CA08#43.1333#-80.2667#-561588#9464;ARREST#2#Zambian nationals#1#India#IN#IN#20#77#IN#25;SOC_GENERALCRIME#2#Zambian nationals#1#India#IN#IN#20#77#IN#25;CRISISLEX_C07_SAFETY#2#Zambian nationals#1#India#IN#IN#20#77#IN#25;SEIZE#5##1#Zambia#ZA#ZA#-15#30#ZA#142;ARREST#2#Zambian nationals#1#India#IN#IN#20#77#IN#25;SOC_GENERALCRIME#2#Zambian nationals#1#India#IN#IN#20#77#IN#25;CRISISLEX_C07_SAFETY#2#Zambian nationals#1#India#IN#IN#20#77#IN#25;SEIZE#5##1#Zambia#ZA#ZA#-15#30#ZA#142;",,3,0,0,3,3,1,-0.4559770449569188,2944.211736111111,4398.85,1505.95,897.9042519505315,13.504166666666666,3.157202373822158,8.966666666666667,0.9777311430824482,75.77083333333333,15.038959278063313,75.625,8.1125,5.307320235639044,1016.3520833333334,1.752209903818177,2944.5888425925928
2021-01-03,,0,0,0,0,0,0,,,0,,,0,,,0,,,0,0,0,0,0,"KILL#75##1#Ireland#EI#EI#53#-8#EI;KILL#75##1#Ireland#EI#EI#53#-8#EI;KILL#75##1#Ireland#EI#EI#53#-8#EI;CRISISLEX_CRISISLEXREC#75##1#Ireland#EI#EI#53#-8#EI;CRISISLEX_T01_CAUTION_ADVICE#75##1#Ireland#EI#EI#53#-8#EI;CRISISLEX_T03_DEAD#75##1#Ireland#EI#EI#53#-8#EI;CRISISLEX_T03_DEAD#75##1#Ireland#EI#EI#53#-8#EI;KILL#364##1#Ireland#EI#EI#53#-8#EI;CRISISLEX_T03_DEAD#364##1#Ireland#EI#EI#53#-8#EI;KILL#377##1#Zimbabwe#ZI#ZI#-19#29#ZI;KILL#1##1#South Africa#SF#SF#-30#26#SF;CRISISLEX_T03_DEAD#1##1#South Africa#SF#SF#-30#26#SF;KILL#75##1#Ireland#EI#EI#53#-8#EI;KILL#75##1#Ireland#EI#EI#53#-8#EI;KILL#75##1#Ireland#EI#EI#53#-8#EI;CRISISLEX_CRISISLEXREC#75##1#Ireland#EI#EI#53#-8#EI;CRISISLEX_T01_CAUTION_ADVICE#75##1#Ireland#EI#EI#53#-8#EI;CRISISLEX_T03_DEAD#75##1#Ireland#EI#EI#53#-8#EI;CRISISLEX_T03_DEAD#75##1#Ireland#EI#EI#53#-8#EI;KILL#364##1#Ireland#EI#EI#53#-8#EI;CRISISLEX_T03_DEAD#364##1#Ireland#EI#EI#53#-8#EI;KILL#377##1#Zimbabwe#ZI#ZI#-19#29#ZI;KILL#1##1#South Africa#SF#SF#-30#26#SF;CRISISLEX_T03_DEAD#1##1#South Africa#SF#SF#-30#26#SF;PROTEST#3##4#Delhi, Delhi, India#IN#IN07#28.6667#77.2167#-2094230;PROTEST#3##4#Delhi, Delhi, India#IN#IN07#28.6667#77.2167#-2094230;","KILL#75##1#Ireland#EI#EI#53#-8#EI#3878;KILL#75##1#Ireland#EI#EI#53#-8#EI#3878;KILL#75##1#Ireland#EI#EI#53#-8#EI#3878;CRISISLEX_CRISISLEXREC#75##1#Ireland#EI#EI#53#-8#EI#3878;CRISISLEX_T01_CAUTION_ADVICE#75##1#Ireland#EI#EI#53#-8#EI#3878;CRISISLEX_T03_DEAD#75##1#Ireland#EI#EI#53#-8#EI#3878;CRISISLEX_T03_DEAD#75##1#Ireland#EI#EI#53#-8#EI#3878;KILL#364##1#Ireland#EI#EI#53#-8#EI#3949;CRISISLEX_T03_DEAD#364##1#Ireland#EI#EI#53#-8#EI#3949;KILL#377##1#Zimbabwe#ZI#ZI#-19#29#ZI#4705;KILL#1##1#South Africa#SF#SF#-30#26#SF#5006;CRISISLEX_T03_DEAD#1##1#South Africa#SF#SF#-30#26#SF#5006;KILL#75##1#Ireland#EI#EI#53#-8#EI#3878;KILL#75##1#Ireland#EI#EI#53#-8#EI#3878;KILL#75##1#Ireland#EI#EI#53#-8#EI#3878;CRISISLEX_CRISISLEXREC#75##1#Ireland#EI#EI#53#-8#EI#3878;CRISISLEX_T01_CAUTION_ADVICE#75##1#Ireland#EI#EI#53#-8#EI#3878;CRISISLEX_T03_DEAD#75##1#Ireland#EI#EI#53#-8#EI#3878;CRISISLEX_T03_DEAD#75##1#Ireland#EI#EI#53#-8#EI#3878;KILL#364##1#Ireland#EI#EI#53#-8#EI#3949;CRISISLEX_T03_DEAD#364##1#Ireland#EI#EI#53#-8#EI#3949;KILL#377##1#Zimbabwe#ZI#ZI#-19#29#ZI#4705;KILL#1##1#South Africa#SF#SF#-30#26#SF#5006;CRISISLEX_T03_DEAD#1##1#South Africa#SF#SF#-30#26#SF#5006;PROTEST#3##4#Delhi, Delhi, India#IN#IN07#28.6667#77.2167#-2094230#107;PROTEST#3##4#Delhi, Delhi, India#IN#IN07#28.6667#77.2167#-2094230#107;",,1,0,0,2,0,0,-5.2465028243574965,2582.067326388889,3409.74,1601.49,589.2938991899067,14.233333333333333,1.2817670729380972,12.235416666666667,2.8107178829298407,88.66666666666667,12.276148938189587,82.5,9.708333333333334,4.966108130634772,1014.75,1.158155448034404,2582.4499305555555
2021-01-04,,0,0,0,0,0,0,,,0,,,0,,,0,,,0,0,0,0,0,"ARREST#16#accused Aditya Tiwari#4#Bihar, Bihar, India#IN#IN34#25.1833#85.5167#-2091797;SOC_GENERALCRIME#16#accused Aditya Tiwari#4#Bihar, Bihar, India#IN#IN34#25.1833#85.5167#-2091797;CRISISLEX_C07_SAFETY#16#accused Aditya Tiwari#4#Bihar, Bihar, India#IN#IN34#25.1833#85.5167#-2091797;ARREST#436##4#Delhi, Delhi, India#IN#IN07#28.6667#77.2167#-2094230;ARREST#19#situation#4#Delhi, Delhi, India#IN#IN07#28.6667#77.2167#-2094230;ARREST#026##1#India#IN#IN#20#77#IN;ARREST#21##1#India#IN#IN#20#77#IN;SOC_POINTSOFINTEREST_JAIL#21##1#India#IN#IN#20#77#IN;","ARREST#16#accused Aditya Tiwari#4#Bihar, Bihar, India#IN#IN34#25.1833#85.5167#-2091797#192;SOC_GENERALCRIME#16#accused Aditya Tiwari#4#Bihar, Bihar, India#IN#IN34#25.1833#85.5167#-2091797#192;CRISISLEX_C07_SAFETY#16#accused Aditya Tiwari#4#Bihar, Bihar, India#IN#IN34#25.1833#85.5167#-2091797#192;ARREST#436##4#Delhi, Delhi, India#IN#IN07#28.6667#77.2167#-2094230#43;ARREST#19#situation#4#Delhi, Delhi, India#IN#IN07#28.6667#77.2167#-2094230#981;ARREST#026##1#India#IN#IN#20#77#IN#1500;ARREST#21##1#India#IN#IN#20#77#IN#1633;SOC_POINTSOFINTEREST_JAIL#21##1#India#IN#IN#20#77#IN#1633;",,3,0,0,2,0,1,-2.050976742852509,3003.40875,3512.02,2316.85,391.302045144567,16.108333333333334,2.571229183133067,15.083333333333334,1.9359068137794344,94.04166666666667,7.220639214226187,115.0,6.0875,5.5998864473305625,1016.2020833333333,1.4721795806795135,3000.855590277778
2021-01-05,2021.0137000000002,KWT,KWT,1,042130013060043010,042130013060043010,041301060401,1.1166666666666665,-1.8286700632941653,INININKUIN,28.80668,71.31667999999999,KUIN,29.08335,62.48335,ININININININ,28.64446666666667,77.21113333333334,0,0,2,0,0,"AFFECT#5#girls#4#Pithoragarh, Uttaranchal, India#IN#IN39#29.5833#80.2167#-2108084;ARREST#109##1#India#IN#IN#20#77#IN;SOC_GENERALCRIME#109##1#India#IN#IN#20#77#IN;CRISISLEX_C07_SAFETY#109##1#India#IN#IN#20#77#IN;","AFFECT#5#girls#4#Pithoragarh, Uttaranchal, India#IN#IN39#29.5833#80.2167#-2108084#20;ARREST#109##1#India#IN#IN#20#77#IN#1930;SOC_GENERALCRIME#109##1#India#IN#IN#20#77#IN#1930;CRISISLEX_C07_SAFETY#109##1#India#IN#IN#20#77#IN#1930;",,3,0,0,4,1,1,-2.1413856496882557,3332.8807291666667,4045.15,2891.09,301.9512798977193,16.8125,1.308928066368366,15.981250000000001,1.1071493199766411,94.95833333333333,2.9487492180956014,85.83333333333333,8.8125,3.042941795946675,1015.8833333333334,1.5104283260793518,3328.120023148148
2021-01-06,2021.0163999999997,IND,0,3,090090051,090090051,090905,-0.20000000000000004,4.744771098434987,INININ,28.64446666666667,77.21113333333334,ININ,28.6667,77.2167,INININ,28.64446666666667,77.21113333333334,0,0,1,0,0,"KILL#2000#birds#4#Himachal, Uttaranchal, India#IN#IN39#30#80#-2102615;CRISISLEX_T03_DEAD#2000#birds#4#Himachal, Uttaranchal, India#IN#IN39#30#80#-2102615;KILL#3#crows#5#Uttaranchal, India#IN#IN39#30.25#79.25#6240779;CRISISLEX_T03_DEAD#3#crows#5#Uttaranchal, India#IN#IN39#30.25#79.25#6240779;KILL#250#crows#4#Mandsaur, Madhya Pradesh, India#IN#IN35#24.0667#75.0667#-2103736;CRISISLEX_CRISISLEXREC#250#crows#4#Mandsaur, Madhya Pradesh, India#IN#IN35#24.0667#75.0667#-2103736;CRISISLEX_T02_INJURED#250#crows#4#Mandsaur, Madhya Pradesh, India#IN#IN35#24.0667#75.0667#-2103736;CRISISLEX_T03_DEAD#250#crows#4#Mandsaur, Madhya Pradesh, India#IN#IN35#24.0667#75.0667#-2103736;CRISISLEX_T03_DEAD#250#crows#4#Mandsaur, Madhya Pradesh, India#IN#IN35#24.0667#75.0667#-2103736;","KILL#2000#birds#4#Himachal, Uttaranchal, India#IN#IN39#30#80#-2102615#308;CRISISLEX_T03_DEAD#2000#birds#4#Himachal, Uttaranchal, India#IN#IN39#30#80#-2102615#308;KILL#3#crows#5#Uttaranchal, India#IN#IN39#30.25#79.25#6240779#837;CRISISLEX_T03_DEAD#3#crows#5#Uttaranchal, India#IN#IN39#30.25#79.25#6240779#837;KILL#250#crows#4#Mandsaur, Madhya Pradesh, India#IN#IN35#24.0667#75.0667#-2103736#4785;CRISISLEX_CRISISLEXREC#250#crows#4#Mandsaur, Madhya Pradesh, India#IN#IN35#24.0667#75.0667#-2103736#4785;CRISISLEX_T02_INJURED#250#crows#4#Mandsaur, Madhya Pradesh, India#IN#IN35#24.0667#75.0667#-2103736#4785;CRISISLEX_T03_DEAD#250#crows#4#Mandsaur, Madhya Pradesh, India#IN#IN35#24.0667#75.0667#-2103736#4785;CRISISLEX_T03_DEAD#250#crows#4#Mandsaur, Madhya Pradesh, India#IN#IN35#24.0667#75.0667#-2103736#4785;",,1,0,0,2,3,1,1.3452661853283752,3183.1551041666667,4595.11,2659.17,399.1465412637018,16.316666666666666,1.198489176680456,15.587499999999999,1.0433713113651308,95.5625,3.3091968772083447,175.625,6.5625,3.675322641031593,1015.1875,1.1171064538656543,3183.2438310185184
2021-01-07,2021.0192,JPNUSA,0,0,040051051054,040051051054,04050505,3.45,4.07195421095667,INUSUSIN,29.215,-9.073299999999996,INUS,29.215,-9.073299999999996,ININININ,28.6667,77.2167,0,0,4,0,0,"PROTEST#40##4#Tikri, Uttaranchal, India#IN#IN39#30.4578#77.8981#6223590;PROTEST#2000#armers#4#Tikri, Uttaranchal, India#IN#IN39#30.4578#77.8981#6223590;PROTEST#40##5#Uttar Pradesh, India#IN#IN36#27.25#80.75#-2113996;PROTEST#2#demands#5#Uttar Pradesh, India#IN#IN36#27.25#80.75#-2113996;KILL#3##1#France#FR#FR#46#2#FR;CRISISLEX_T03_DEAD#3##1#France#FR#FR#46#2#FR;KILL#935#birds#4#Kottayam, Kerala, India#IN#IN13#11.8333#75.5667#-2101654;CRISISLEX_T03_DEAD#935#birds#4#Kottayam, Kerala, India#IN#IN13#11.8333#75.5667#-2101654;KILL#200##5#Kerala, India#IN#IN13#10#76.5#-2100307;KILL#22#birds#5#Kerala, India#IN#IN13#10#76.5#-2100307;CRISISLEX_T03_DEAD#22#birds#5#Kerala, India#IN#IN13#10#76.5#-2100307;KILL#6#crows#1#India#IN#IN#20#77#IN;CRISISLEX_CRISISLEXREC#6#crows#1#India#IN#IN#20#77#IN;CRISISLEX_T02_INJURED#6#crows#1#India#IN#IN#20#77#IN;CRISISLEX_T03_DEAD#6#crows#1#India#IN#IN#20#77#IN;CRISISLEX_T03_DEAD#6#crows#1#India#IN#IN#20#77#IN;KILL#6#crows#1#India#IN#IN#20#77#IN;CRISISLEX_T03_DEAD#6#crows#1#India#IN#IN#20#77#IN;","PROTEST#40##4#Tikri, Uttaranchal, India#IN#IN39#30.4578#77.8981#6223590#467;PROTEST#2000#armers#4#Tikri, Uttaranchal, India#IN#IN39#30.4578#77.8981#6223590#1014;PROTEST#40##5#Uttar Pradesh, India#IN#IN36#27.25#80.75#-2113996#1472;PROTEST#2#demands#5#Uttar Pradesh, India#IN#IN36#27.25#80.75#-2113996#1534;KILL#3##1#France#FR#FR#46#2#FR#844;CRISISLEX_T03_DEAD#3##1#France#FR#FR#46#2#FR#844;KILL#935#birds#4#Kottayam, Kerala, India#IN#IN13#11.8333#75.5667#-2101654#1684;CRISISLEX_T03_DEAD#935#birds#4#Kottayam, Kerala, India#IN#IN13#11.8333#75.5667#-2101654#1684;KILL#200##5#Kerala, India#IN#IN13#10#76.5#-2100307#2337;KILL#22#birds#5#Kerala, India#IN#IN13#10#76.5#-2100307#2469;CRISISLEX_T03_DEAD#22#birds#5#Kerala, India#IN#IN13#10#76.5#-2100307#2469;KILL#6#crows#1#India#IN#IN#20#77#IN#2763;CRISISLEX_CRISISLEXREC#6#crows#1#India#IN#IN#20#77#IN#2763;CRISISLEX_T02_INJURED#6#crows#1#India#IN#IN#20#77#IN#2763;CRISISLEX_T03_DEAD#6#crows#1#India#IN#IN#20#77#IN#2763;CRISISLEX_T03_DEAD#6#crows#1#India#IN#IN#20#77#IN#2763;KILL#6#crows#1#India#IN#IN#20#77#IN#3209;CRISISLEX_T03_DEAD#6#crows#1#India#IN#IN#20#77#IN#3209;",,3,0,0,2,3,2,-0.8567906874108014,5873.9827173913045,7019.54,4447.38,697.9711181450047,16.369565217391305,1.3071890004907296,14.823913043478262,1.1326913627816528,90.93478260869566,7.616447773065984,262.39130434782606,8.847826086956522,2.729134858356915,1015.2695652173913,1.1479378314272297,5863.652777777778
2021-01-08,2021.0219,IND,IND,0,042042043043,042042043043,04040404,2.3499999999999996,-0.68285280728376,INININ,28.666700000000002,77.2167,INININ,28.666700000000002,77.2167,ININININ,28.6667,77.2167,0,0,4,0,0,"KILL#2##1#Kenya#KE#KE#1#38#KE;KILL#2##1#Kenya#KE#KE#1#38#KE;KILL#2##1#Kenya#KE#KE#1#38#KE;KILL#2##1#Kenya#KE#KE#1#38#KE;ARREST#3##1#Pakistan#PK#PK#30#70#PK;KILL#166##1#United States#US#US#39.828175#-98.5795#US;CRISISLEX_CRISISLEXREC#166##1#United States#US#US#39.828175#-98.5795#US;CRISISLEX_T02_INJURED#166##1#United States#US#US#39.828175#-98.5795#US;CRISISLEX_T03_DEAD#166##1#United States#US#US#39.828175#-98.5795#US;CRISISLEX_T03_DEAD#166##1#United States#US#US#39.828175#-98.5795#US;KILL#2##1#Kenya#KE#KE#1#38#KE;PROTEST#3#farm laws#4#Delhi, Delhi, India#IN#IN07#28.6667#77.2167#-2094230;PROTEST#3##4#Delhi, Delhi, India#IN#IN07#28.6667#77.2167#-2094230;KILL#1##1#India#IN#IN#20#77#IN;KILL#1##1#India#IN#IN#20#77#IN;KILL#1##1#India#IN#IN#20#77#IN;CRISISLEX_CRISISLEXREC#1##1#India#IN#IN#20#77#IN;CRISISLEX_T01_CAUTION_ADVICE#1##1#India#IN#IN#20#77#IN;CRISISLEX_T03_DEAD#1##1#India#IN#IN#20#77#IN;CRISISLEX_T03_DEAD#1##1#India#IN#IN#20#77#IN;KILL#234#new#1#India#IN#IN#20#77#IN;CRISISLEX_CRISISLEXREC#234#new#1#India#IN#IN#20#77#IN;CRISISLEX_T03_DEAD#234#new#1#India#IN#IN#20#77#IN;CRISISLEX_T03_DEAD#234#new#1#India#IN#IN#20#77#IN;KILL#19##5#Kerala, India#IN#IN13#10#76.5#-2100307;KILL#70##5#Karnataka, India#IN#IN19#13.5#76#-2099860;PROTEST#35#farmers unions#4#Delhi, Delhi, India#IN#IN07#28.6667#77.2167#-2094230;","KILL#2##1#Kenya#KE#KE#1#38#KE#8959;KILL#2##1#Kenya#KE#KE#1#38#KE#8959;KILL#2##1#Kenya#KE#KE#1#38#KE#8959;KILL#2##1#Kenya#KE#KE#1#38#KE#8959;ARREST#3##1#Pakistan#PK#PK#30#70#PK#532;KILL#166##1#United States#US#US#39.828175#-98.5795#US#763;CRISISLEX_CRISISLEXREC#166##1#United States#US#US#39.828175#-98.5795#US#763;CRISISLEX_T02_INJURED#166##1#United States#US#US#39.828175#-98.5795#US#763;CRISISLEX_T03_DEAD#166##1#United States#US#US#39.828175#-98.5795#US#763;CRISISLEX_T03_DEAD#166##1#United States#US#US#39.828175#-98.5795#US#763;KILL#2##1#Kenya#KE#KE#1#38#KE#8959;PROTEST#3#farm laws#4#Delhi, Delhi, India#IN#IN07#28.6667#77.2167#-2094230#62;PROTEST#3##4#Delhi, Delhi, India#IN#IN07#28.6667#77.2167#-2094230#1043;KILL#1##1#India#IN#IN#20#77#IN#332;KILL#1##1#India#IN#IN#20#77#IN#332;KILL#1##1#India#IN#IN#20#77#IN#332;CRISISLEX_CRISISLEXREC#1##1#India#IN#IN#20#77#IN#332;CRISISLEX_T01_CAUTION_ADVICE#1##1#India#IN#IN#20#77#IN#332;CRISISLEX_T03_DEAD#1##1#India#IN#IN#20#77#IN#332;CRISISLEX_T03_DEAD#1##1#India#IN#IN#20#77#IN#332;KILL#234#new#1#India#IN#IN#20#77#IN#1244;CRISISLEX_CRISISLEXREC#234#new#1#India#IN#IN#20#77#IN#1244;CRISISLEX_T03_DEAD#234#new#1#India#IN#IN#20#77#IN#1244;CRISISLEX_T03_DEAD#234#new#1#India#IN#IN#20#77#IN#1244;KILL#19##5#Kerala, India#IN#IN13#10#76.5#-2100307#1389;KILL#70##5#Karnataka, India#IN#IN19#13.5#76#-2099860#1664;PROTEST#35#farmers unions#4#Delhi, Delhi, India#IN#IN07#28.6667#77.2167#-2094230#446;",,9,0,0,2,1,3,-1.9565914528923423,4037.2989895470387,4818.9,3340.33,369.25303506527865,13.452961672473867,1.269319214286398,12.102090592334495,0.6389423779917112,91.76655052264809,6.590244667141585,139.9651567944251,3.6857142857142855,3.5737638718567037,1015.0878048780488,1.281999254160687,4045.134576074332
2021-01-09,,0,0,0,0,0,0,,,0,,,0,,,0,,,0,0,0,0,0,"KILL#10#infants#1#India#IN#IN#20#77#IN;AFFECT#7#babies#1#India#IN#IN#20#77#IN;KILL#300##1#Pakistan#PK#PK#30#70#PK;CRISISLEX_CRISISLEXREC#300##1#Pakistan#PK#PK#30#70#PK;CRISISLEX_T02_INJURED#300##1#Pakistan#PK#PK#30#70#PK;CRISISLEX_T03_DEAD#300##1#Pakistan#PK#PK#30#70#PK;KILL#200#birds#1#India#IN#IN#20#77#IN;CRISISLEX_CRISISLEXREC#200#birds#1#India#IN#IN#20#77#IN;CRISISLEX_T02_INJURED#200#birds#1#India#IN#IN#20#77#IN;CRISISLEX_T03_DEAD#200#birds#1#India#IN#IN#20#77#IN;CRISISLEX_T03_DEAD#200#birds#1#India#IN#IN#20#77#IN;KILL#24#crows#1#India#IN#IN#20#77#IN;CRISISLEX_CRISISLEXREC#24#crows#1#India#IN#IN#20#77#IN;CRISISLEX_T02_INJURED#24#crows#1#India#IN#IN#20#77#IN;CRISISLEX_T03_DEAD#24#crows#1#India#IN#IN#20#77#IN;CRISISLEX_T03_DEAD#24#crows#1#India#IN#IN#20#77#IN;KILL#10#ducks#4#Delhi, Delhi, India#IN#IN07#28.6667#77.2167#-2094230;CRISISLEX_T03_DEAD#10#ducks#4#Delhi, Delhi, India#IN#IN07#28.6667#77.2167#-2094230;KILL#900#hens#1#India#IN#IN#20#77#IN;CRISISLEX_T03_DEAD#900#hens#1#India#IN#IN#20#77#IN;KILL#350#birds#4#Rajasthan, Sindh, Pakistan#PK#PK05#26.8167#69.4917#6089686;CRISISLEX_CRISISLEXREC#350#birds#4#Rajasthan, Sindh, Pakistan#PK#PK05#26.8167#69.4917#6089686;CRISISLEX_T02_INJURED#350#birds#4#Rajasthan, Sindh, Pakistan#PK#PK05#26.8167#69.4917#6089686;CRISISLEX_T03_DEAD#350#birds#4#Rajasthan, Sindh, Pakistan#PK#PK05#26.8167#69.4917#6089686;CRISISLEX_T03_DEAD#350#birds#4#Rajasthan, Sindh, Pakistan#PK#PK05#26.8167#69.4917#6089686;KILL#356#birds#4#Rajasthan, Sindh, Pakistan#PK#PK05#26.8167#69.4917#6089686;CRISISLEX_CRISISLEXREC#356#birds#4#Rajasthan, Sindh, Pakistan#PK#PK05#26.8167#69.4917#6089686;CRISISLEX_T02_INJURED#356#birds#4#Rajasthan, Sindh, Pakistan#PK#PK05#26.8167#69.4917#6089686;CRISISLEX_T03_DEAD#356#birds#4#Rajasthan, Sindh, Pakistan#PK#PK05#26.8167#69.4917#6089686;CRISISLEX_T03_DEAD#356#birds#4#Rajasthan, Sindh, Pakistan#PK#PK05#26.8167#69.4917#6089686;KILL#4#crows#1#Pakistan#PK#PK#30#70#PK;CRISISLEX_CRISISLEXREC#4#crows#1#Pakistan#PK#PK#30#70#PK;CRISISLEX_T02_INJURED#4#crows#1#Pakistan#PK#PK#30#70#PK;CRISISLEX_T03_DEAD#4#crows#1#Pakistan#PK#PK#30#70#PK;CRISISLEX_T03_DEAD#4#crows#1#Pakistan#PK#PK#30#70#PK;KILL#2##4#Mangrol, Gujarat, India#IN#IN09#21.1167#70.1167#-2103818;CRISISLEX_CRISISLEXREC#2##4#Mangrol, Gujarat, India#IN#IN09#21.1167#70.1167#-2103818;CRISISLEX_T02_INJURED#2##4#Mangrol, Gujarat, India#IN#IN09#21.1167#70.1167#-2103818;CRISISLEX_T03_DEAD#2##4#Mangrol, Gujarat, India#IN#IN09#21.1167#70.1167#-2103818;CRISISLEX_T03_DEAD#2##4#Mangrol, Gujarat, India#IN#IN09#21.1167#70.1167#-2103818;KILL#4##4#Mangrol, Gujarat, India#IN#IN09#21.1167#70.1167#-2103818;CRISISLEX_CRISISLEXREC#4##4#Mangrol, Gujarat, India#IN#IN09#21.1167#70.1167#-2103818;CRISISLEX_T02_INJURED#4##4#Mangrol, Gujarat, India#IN#IN09#21.1167#70.1167#-2103818;CRISISLEX_T03_DEAD#4##4#Mangrol, Gujarat, India#IN#IN09#21.1167#70.1167#-2103818;CRISISLEX_T03_DEAD#4##4#Mangrol, Gujarat, India#IN#IN09#21.1167#70.1167#-2103818;KILL#6#crows#1#India#IN#IN#20#77#IN;CRISISLEX_CRISISLEXREC#6#crows#1#India#IN#IN#20#77#IN;CRISISLEX_T02_INJURED#6#crows#1#India#IN#IN#20#77#IN;CRISISLEX_T03_DEAD#6#crows#1#India#IN#IN#20#77#IN;CRISISLEX_T03_DEAD#6#crows#1#India#IN#IN#20#77#IN;KILL#5#crows#5#Kerala, India#IN#IN13#10#76.5#-2100307;CRISISLEX_CRISISLEXREC#5#crows#5#Kerala, India#IN#IN13#10#76.5#-2100307;CRISISLEX_T02_INJURED#5#crows#5#Kerala, India#IN#IN13#10#76.5#-2100307;CRISISLEX_T03_DEAD#5#crows#5#Kerala, India#IN#IN13#10#76.5#-2100307;CRISISLEX_T03_DEAD#5#crows#5#Kerala, India#IN#IN13#10#76.5#-2100307;","KILL#10#infants#1#India#IN#IN#20#77#IN#133;AFFECT#7#babies#1#India#IN#IN#20#77#IN#381;KILL#300##1#Pakistan#PK#PK#30#70#PK#243;CRISISLEX_CRISISLEXREC#300##1#Pakistan#PK#PK#30#70#PK#243;CRISISLEX_T02_INJURED#300##1#Pakistan#PK#PK#30#70#PK#243;CRISISLEX_T03_DEAD#300##1#Pakistan#PK#PK#30#70#PK#243;KILL#200#birds#1#India#IN#IN#20#77#IN#433;CRISISLEX_CRISISLEXREC#200#birds#1#India#IN#IN#20#77#IN#433;CRISISLEX_T02_INJURED#200#birds#1#India#IN#IN#20#77#IN#433;CRISISLEX_T03_DEAD#200#birds#1#India#IN#IN#20#77#IN#433;CRISISLEX_T03_DEAD#200#birds#1#India#IN#IN#20#77#IN#433;KILL#24#crows#1#India#IN#IN#20#77#IN#2082;CRISISLEX_CRISISLEXREC#24#crows#1#India#IN#IN#20#77#IN#2082;CRISISLEX_T02_INJURED#24#crows#1#India#IN#IN#20#77#IN#2082;CRISISLEX_T03_DEAD#24#crows#1#India#IN#IN#20#77#IN#2082;CRISISLEX_T03_DEAD#24#crows#1#India#IN#IN#20#77#IN#2082;KILL#10#ducks#4#Delhi, Delhi, India#IN#IN07#28.6667#77.2167#-2094230#2185;CRISISLEX_T03_DEAD#10#ducks#4#Delhi, Delhi, India#IN#IN07#28.6667#77.2167#-2094230#2185;KILL#900#hens#1#India#IN#IN#20#77#IN#2917;CRISISLEX_T03_DEAD#900#hens#1#India#IN#IN#20#77#IN#2917;KILL#350#birds#4#Rajasthan, Sindh, Pakistan#PK#PK05#26.8167#69.4917#6089686#3436;CRISISLEX_CRISISLEXREC#350#birds#4#Rajasthan, Sindh, Pakistan#PK#PK05#26.8167#69.4917#6089686#3436;CRISISLEX_T02_INJURED#350#birds#4#Rajasthan, Sindh, Pakistan#PK#PK05#26.8167#69.4917#6089686#3436;CRISISLEX_T03_DEAD#350#birds#4#Rajasthan, Sindh, Pakistan#PK#PK05#26.8167#69.4917#6089686#3436;CRISISLEX_T03_DEAD#350#birds#4#Rajasthan, Sindh, Pakistan#PK#PK05#26.8167#69.4917#6089686#3436;KILL#356#birds#4#Rajasthan, Sindh, Pakistan#PK#PK05#26.8167#69.4917#6089686#3551;CRISISLEX_CRISISLEXREC#356#birds#4#Rajasthan, Sindh, Pakistan#PK#PK05#26.8167#69.4917#6089686#3551;CRISISLEX_T02_INJURED#356#birds#4#Rajasthan, Sindh, Pakistan#PK#PK05#26.8167#69.4917#6089686#3551;CRISISLEX_T03_DEAD#356#birds#4#Rajasthan, Sindh, Pakistan#PK#PK05#26.8167#69.4917#6089686#3551;CRISISLEX_T03_DEAD#356#birds#4#Rajasthan, Sindh, Pakistan#PK#PK05#26.8167#69.4917#6089686#3551;KILL#4#crows#1#Pakistan#PK#PK#30#70#PK#3718;CRISISLEX_CRISISLEXREC#4#crows#1#Pakistan#PK#PK#30#70#PK#3718;CRISISLEX_T02_INJURED#4#crows#1#Pakistan#PK#PK#30#70#PK#3718;CRISISLEX_T03_DEAD#4#crows#1#Pakistan#PK#PK#30#70#PK#3718;CRISISLEX_T03_DEAD#4#crows#1#Pakistan#PK#PK#30#70#PK#3718;KILL#2##4#Mangrol, Gujarat, India#IN#IN09#21.1167#70.1167#-2103818#3821;CRISISLEX_CRISISLEXREC#2##4#Mangrol, Gujarat, India#IN#IN09#21.1167#70.1167#-2103818#3821;CRISISLEX_T02_INJURED#2##4#Mangrol, Gujarat, India#IN#IN09#21.1167#70.1167#-2103818#3821;CRISISLEX_T03_DEAD#2##4#Mangrol, Gujarat, India#IN#IN09#21.1167#70.1167#-2103818#3821;CRISISLEX_T03_DEAD#2##4#Mangrol, Gujarat, India#IN#IN09#21.1167#70.1167#-2103818#3821;KILL#4##4#Mangrol, Gujarat, India#IN#IN09#21.1167#70.1167#-2103818#4275;CRISISLEX_CRISISLEXREC#4##4#Mangrol, Gujarat, India#IN#IN09#21.1167#70.1167#-2103818#4275;CRISISLEX_T02_INJURED#4##4#Mangrol, Gujarat, India#IN#IN09#21.1167#70.1167#-2103818#4275;CRISISLEX_T03_DEAD#4##4#Mangrol, Gujarat, India#IN#IN09#21.1167#70.1167#-2103818#4275;CRISISLEX_T03_DEAD#4##4#Mangrol, Gujarat, India#IN#IN09#21.1167#70.1167#-2103818#4275;KILL#6#crows#1#India#IN#IN#20#77#IN#4356;CRISISLEX_CRISISLEXREC#6#crows#1#India#IN#IN#20#77#IN#4356;CRISISLEX_T02_INJURED#6#crows#1#India#IN#IN#20#77#IN#4356;CRISISLEX_T03_DEAD#6#crows#1#India#IN#IN#20#77#IN#4356;CRISISLEX_T03_DEAD#6#crows#1#India#IN#IN#20#77#IN#4356;KILL#5#crows#5#Kerala, India#IN#IN13#10#76.5#-2100307#4498;CRISISLEX_CRISISLEXREC#5#crows#5#Kerala, India#IN#IN13#10#76.5#-2100307#4498;CRISISLEX_T02_INJURED#5#crows#5#Kerala, India#IN#IN13#10#76.5#-2100307#4498;CRISISLEX_T03_DEAD#5#crows#5#Kerala, India#IN#IN13#10#76.5#-2100307#4498;CRISISLEX_T03_DEAD#5#crows#5#Kerala, India#IN#IN13#10#76.5#-2100307#4498;",,1,0,0,1,1,1,-2.167272185151585,3822.4432404181184,4299.32,3396.04,231.82088181709568,14.514285714285716,2.550970902901982,12.937630662020906,1.6679554806679087,90.70034843205575,7.785190792932846,285.88850174216026,8.268989547038327,2.0880897742876754,1015.5689895470383,1.0331803147693803,3825.2428803716602
2021-01-10,,0,0,0,0,0,0,,,0,,,0,,,0,,,0,0,0,0,0,0,0,,0,0,0,0,0,0,,4663.721045296167,5210.79,3846.8,475.22509035371957,11.153310104529616,1.792812334806575,8.931010452961672,1.788320702071301,86.8780487804878,10.889260075442209,280.5226480836237,12.749128919860627,2.5465301239397786,1016.3979094076656,1.4630396866222677,4659.446120789778
2021-01-11,,0,0,0,0,0,0,,,0,,,0,,,0,,,0,0,0,0,0,0,0,,2,0,0,3,0,2,-0.41421551006584645,2713.468641114983,3435.8,1698.75,586.4888886736541,10.910104529616724,2.865053909635778,8.505923344947735,1.362715217253491,86.397212543554,13.570679748865764,281.3588850174216,11.571428571428571,3.6161476015953067,1016.7717770034843,1.3775693016570474,2723.4966318234606
2021-01-12,,0,0,0,0,0,0,,,0,,,0,,,0,,,0,0,0,0,0,KILL#327##1#India#IN#IN#20#77#IN;,KILL#327##1#India#IN#IN#20#77#IN#6339;,,2,0,0,2,0,0,0.24360035012853962,2628.417167832168,3697.53,1460.69,714.026125852563,10.544055944055943,2.946460794053498,7.914685314685315,1.1775060199172984,84.86713286713287,12.135051601239308,152.01398601398603,4.334265734265734,5.118594994929758,1017.2076923076924,1.3902960393108539,2629.374475524475
2021-01-13,,0,0,0,0,0,0,,,0,,,0,,,0,,,0,0,0,0,0,"KILL#24##4#Sundarban, Rangpur, Bangladesh#BG#BG87#25.7484#88.7109#10831250;AFFECT#1##1#Bangladesh#BG#BG#24#90#BG;KILL#5##4#Sundarban, Rangpur, Bangladesh#BG#BG87#25.7484#88.7109#10831250;CRISISLEX_T03_DEAD#5##4#Sundarban, Rangpur, Bangladesh#BG#BG87#25.7484#88.7109#10831250;KILL#21##4#Sundarban, Rangpur, Bangladesh#BG#BG87#25.7484#88.7109#10831250;KILL#24##4#Sundarban, Rangpur, Bangladesh#BG#BG87#25.7484#88.7109#10831250;AFFECT#1##1#Bangladesh#BG#BG#24#90#BG;KILL#5##4#Sundarban, Rangpur, Bangladesh#BG#BG87#25.7484#88.7109#10831250;CRISISLEX_T03_DEAD#5##4#Sundarban, Rangpur, Bangladesh#BG#BG87#25.7484#88.7109#10831250;KILL#21##1#Bangladesh#BG#BG#24#90#BG;","KILL#24##4#Sundarban, Rangpur, Bangladesh#BG#BG87#25.7484#88.7109#10831250#3800;AFFECT#1##1#Bangladesh#BG#BG#24#90#BG#4270;KILL#5##4#Sundarban, Rangpur, Bangladesh#BG#BG87#25.7484#88.7109#10831250#4668;CRISISLEX_T03_DEAD#5##4#Sundarban, Rangpur, Bangladesh#BG#BG87#25.7484#88.7109#10831250#4668;KILL#21##4#Sundarban, Rangpur, Bangladesh#BG#BG87#25.7484#88.7109#10831250#4801;KILL#24##4#Sundarban, Rangpur, Bangladesh#BG#BG87#25.7484#88.7109#10831250#3768;AFFECT#1##1#Bangladesh#BG#BG#24#90#BG#4238;KILL#5##4#Sundarban, Rangpur, Bangladesh#BG#BG87#25.7484#88.7109#10831250#4636;CRISISLEX_T03_DEAD#5##4#Sundarban, Rangpur, Bangladesh#BG#BG87#25.7484#88.7109#10831250#4636;KILL#21##1#Bangladesh#BG#BG#24#90#BG#4769;",,2,0,0,1,0,2,-1.7593342211161216,3218.3633333333332,4799.1,1596.51,999.9825664100556,10.3125,2.629420121284542,7.418749999999999,1.580674612298546,83.0625,10.491223310487824,186.375,3.245833333333333,3.356451481925911,1016.5812500000001,1.6571235205527812,3216.901030092592
2021-01-14,,0,0,0,0,0,0,,,0,,,0,,,0,,,0,0,0,0,0,"PROTEST#3##4#Delhi, Delhi, India#IN#IN07#28.6667#77.2167#-2094230;KILL#3#discretionary#1#India#IN#IN#20#77#IN;KILL#3#discretionary#1#India#IN#IN#20#77#IN;KILL#36##4#Delhi, Delhi, India#IN#IN07#28.6667#77.2167#-2094230;","PROTEST#3##4#Delhi, Delhi, India#IN#IN07#28.6667#77.2167#-2094230#2063;KILL#3#discretionary#1#India#IN#IN#20#77#IN#5303;KILL#3#discretionary#1#India#IN#IN#20#77#IN#5303;KILL#36##4#Delhi, Delhi, India#IN#IN07#28.6667#77.2167#-2094230#419;",,1,0,0,1,0,0,-1.5363939915919467,3235.9787152777776,4781.5,1622.79,982.0522789468771,11.225000000000001,4.486751694327481,7.925000000000001,2.296778534737441,82.25,15.748237001046004,65.0,2.3333333333333335,3.3983804300046114,1016.1145833333334,1.5145275018985187,3236.0707407407403
2021-01-15,2021.0410999999997,CHN,0,0,0400332017,040033017,040301,2.066666666666667,-3.4800473583057037,INCH,32.09,77.5199,IN,28.6667,77.2167,INININ,28.666700000000002,77.2167,0,0,2,0,0,"KILL#37##4#Delhi, Delhi, India#IN#IN07#28.6667#77.2167#-2094230;KILL#4##1#Mali#ML#ML#17#-4#ML;PROTEST#3#farmer unions#4#Delhi, Delhi, India#IN#IN07#28.6667#77.2167#-2094230;AFFECT#400##3#Washington, District Of Columbia, United States#US#USDC#38.8951#-77.0364#531871;KILL#20##1#India#IN#IN#20#77#IN;WOUND#15##1#Israel#IS#IS#31.5#34.75#IS;KILL#50##1#Israel#IS#IS#31.5#34.75#IS;WOUND#842#patients#1#Israel#IS#IS#31.5#34.75#IS;","KILL#37##4#Delhi, Delhi, India#IN#IN07#28.6667#77.2167#-2094230#138;KILL#4##1#Mali#ML#ML#17#-4#ML#276;PROTEST#3#farmer unions#4#Delhi, Delhi, India#IN#IN07#28.6667#77.2167#-2094230#93;AFFECT#400##3#Washington, District Of Columbia, United States#US#USDC#38.8951#-77.0364#531871#3063;KILL#20##1#India#IN#IN#20#77#IN#2964;WOUND#15##1#Israel#IS#IS#31.5#34.75#IS#3353;KILL#50##1#Israel#IS#IS#31.5#34.75#IS#3761;WOUND#842#patients#1#Israel#IS#IS#31.5#34.75#IS#3807;",,3,0,0,1,0,1,-2.729212998084371,3207.910520833333,4770.78,1608.01,994.1653448172573,13.325,3.8264711593191283,10.383333333333333,1.6915448684004348,84.83333333333333,17.203435359058684,50.0,1.6833333333333333,3.0051755588272764,1014.5979166666667,1.1645440704352348,3207.979826388889
2021-01-16,2021.0438000000001,IND,INDIND,6,043042141042141043,043042141042141043,040414041404,-0.6000000000000001,0.36101083032491,INININININ,28.6667,77.2167,ININININ,28.6667,77.2167,ININININININ,28.666700000000002,77.2167,2,0,4,0,0,KILL#5#lakh#1#India#IN#IN#20#77#IN;,KILL#5#lakh#1#India#IN#IN#20#77#IN#809;,,1,0,0,2,0,0,-1.2624435025995695,3052.5672569444446,4474.44,1600.89,879.2623428965915,10.875,2.270596784129135,9.204166666666667,0.933232738896215,90.47916666666667,12.015651088482022,165.79166666666666,4.616666666666666,3.817217550230005,1013.6104166666667,1.4717179868277845,3052.5827893518513
2021-01-17,,0,0,0,0,0,0,,,0,,,0,,,0,,,0,0,0,0,0,0,0,,0,0,0,0,0,0,,3090.4104513888888,4612.98,1586.83,934.1550476912136,10.120833333333334,2.7111044074350823,8.470833333333333,1.7333729781939884,90.08333333333333,9.139644470399073,91.04166666666667,9.866666666666667,4.859790219300599,1015.7083333333334,1.8393871119845635,3090.43037037037
2021-01-18,,0,0,0,0,0,0,,,0,,,0,,,0,,,0,0,0,0,0,"PROTEST#10#round#4#Haryana, Haryana, India#IN#IN10#29.6161#76.9806#6210381;PROTEST#41#noon#4#Haryana, Haryana, India#IN#IN10#29.6161#76.9806#6210381;","PROTEST#10#round#4#Haryana, Haryana, India#IN#IN10#29.6161#76.9806#6210381#200;PROTEST#41#noon#4#Haryana, Haryana, India#IN#IN10#29.6161#76.9806#6210381#791;",,2,0,0,1,1,0,-0.55073107879199,3165.964027777778,4771.47,1534.56,1000.7503817213499,13.408333333333333,2.451949377358539,11.289583333333333,0.9915123246311509,87.70833333333333,10.482356173149556,102.875,5.824999999999999,4.460488559356847,1016.8791666666667,1.237727207875257,3166.0740972222216
2021-01-19,2021.0521,USA,USA,0,042043042043,042043042043,04040404,2.3499999999999996,2.62529832935561,ININUK,36.233333333333334,51.427777666666664,UKININ,36.233333333333334,51.427777666666664,ININININ,28.6,77.2,0,0,4,0,0,0,0,,1,0,0,1,1,1,-0.14164800015603535,3160.0637152777776,4712.56,1584.44,964.416014022049,13.4875,2.252118630873185,10.983333333333333,0.9446714673285451,85.45833333333333,9.430379406425235,248.8095238095238,5.654166666666667,5.899895174170648,1014.65625,0.9603802056335567,3160.112407407407
2021-01-20,2021.0548,0,0,1,0874042,087042,0804,5.95,-1.946304113991225,INCH,31.83335,91.10835,0,,,ININ,28.6667,77.2167,0,0,1,0,0,"KILL#7##4#Chennai, Tamil Nadu, India#IN#IN25#13.0833#80.2833#-2103041;PROTEST#3##4#Haryana, Haryana, India#IN#IN10#29.6161#76.9806#6210381;","KILL#7##4#Chennai, Tamil Nadu, India#IN#IN25#13.0833#80.2833#-2103041#975;PROTEST#3##4#Haryana, Haryana, India#IN#IN10#29.6161#76.9806#6210381#1589;",,3,0,0,3,1,0,-1.1557569310162854,3194.4921875,4748.13,1647.1,972.1104318161193,13.291666666666666,3.0449478348689607,10.183333333333334,1.1993610377841644,82.64583333333333,12.148023598590703,271.0,8.895833333333334,4.973811205645792,1015.0604166666667,1.1305216797093256,3194.3692013888885
2021-01-21,2021.0575,0,0,1,071,071,07,7.4,0.505050505050511,IN,28.6667,77.2167,0,,,IN,28.6667,77.2167,0,0,0,0,0,"SEIZE#55##4#Delhi, Delhi, India#IN#IN07#28.6667#77.2167#-2094230;ARREST#8##1#India#IN#IN#20#77#IN;","SEIZE#55##4#Delhi, Delhi, India#IN#IN07#28.6667#77.2167#-2094230#104;ARREST#8##1#India#IN#IN#20#77#IN#862;",,0,0,0,0,1,0,-0.8321252700681243,3100.2832291666664,4613.45,1595.04,925.2156872578805,13.191666666666666,3.4263480014700334,9.20625,1.3505564087591533,78.45833333333333,14.399416848432187,229.30434782608697,7.0,5.6854481404275665,1014.2895833333334,1.0398819786960662,3100.4240624999998
2021-01-22,2021.0602999999999,IND,INDIND,6,012052030042043160012,012052030042043160012,01050304041601,1.0571428571428572,0.47034345689339857,INININININ,28.64002,77.21002000000001,INININININ,28.62668,77.20668,INININININININ,28.628585714285716,77.20715714285714,0,0,4,0,1,0,0,,4,0,1,3,0,3,-0.8223387912171031,3223.5095833333335,4885.67,1590.66,1026.507239734675,11.920833333333333,3.0665072801078956,9.264583333333333,1.7554879107752484,84.89583333333333,12.090667204479557,99.8695652173913,7.7041666666666675,5.102119188049139,1014.84375,1.4458745228715035,3223.293692129629
2021-01-23,2021.063,THA,IND,0,173,173,17,-5.0,-3.24645633287608,TH,13.75,100.517,IN,28.6667,77.2167,IN,28.6667,77.2167,0,0,0,1,0,"KILL#2#unidentified#4#Bangkok, Krung Thep Mahanakhon, Thailand#TH#TH40#13.75#100.517#-3250083;CRISISLEX_T03_DEAD#2#unidentified#4#Bangkok, Krung Thep Mahanakhon, Thailand#TH#TH40#13.75#100.517#-3250083;KILL#5##1#Thailand#TH#TH#15#100#TH;PROTEST#2013##4#Delhi, Delhi, India#IN#IN07#28.6667#77.2167#-2094230;","KILL#2#unidentified#4#Bangkok, Krung Thep Mahanakhon, Thailand#TH#TH40#13.75#100.517#-3250083#4551;CRISISLEX_T03_DEAD#2#unidentified#4#Bangkok, Krung Thep Mahanakhon, Thailand#TH#TH40#13.75#100.517#-3250083#4551;KILL#5##1#Thailand#TH#TH#15#100#TH#5995;PROTEST#2013##4#Delhi, Delhi, India#IN#IN07#28.6667#77.2167#-2094230#10712;",,1,0,1,0,0,1,-3.15173345339937,3017.551805555556,4440.46,1626.67,849.4812617639176,13.0,3.253216044800334,9.858333333333333,1.2519810086391256,83.0625,15.676262598567089,118.125,10.7375,2.9787136807081076,1013.3937500000001,1.3490075717250298,3017.5245486111107
2021-01-24,2021.0658,INDIND,0,3,100100100,100100100,101010,-5.0,1.44927536231884,INININ,28.666700000000002,77.2167,IN,28.6667,77.2167,INININ,28.666700000000002,77.2167,0,0,0,0,0,KILL#1000000##1#Netherlands#NL#NL#52.5#5.75#NL;ARREST#2#men#1#Denmark#DA#DA#56#10#DA;SOC_GENERALCRIME#2#men#1#Denmark#DA#DA#56#10#DA;CRISISLEX_C07_SAFETY#2#men#1#Denmark#DA#DA#56#10#DA;PROTEST#2#men#1#Denmark#DA#DA#56#10#DA;KILL#300#doctors#1#Egypt#EG#EG#27#30#EG;CRISISLEX_T03_DEAD#300#doctors#1#Egypt#EG#EG#27#30#EG;KILL#19##1#Israel#IS#IS#31.5#34.75#IS;,KILL#1000000##1#Netherlands#NL#NL#52.5#5.75#NL#766;ARREST#2#men#1#Denmark#DA#DA#56#10#DA#1268;SOC_GENERALCRIME#2#men#1#Denmark#DA#DA#56#10#DA#1268;CRISISLEX_C07_SAFETY#2#men#1#Denmark#DA#DA#56#10#DA#1268;PROTEST#2#men#1#Denmark#DA#DA#56#10#DA#1268;KILL#300#doctors#1#Egypt#EG#EG#27#30#EG#2145;CRISISLEX_T03_DEAD#300#doctors#1#Egypt#EG#EG#27#30#EG#2145;KILL#19##1#Israel#IS#IS#31.5#34.75#IS#2685;,,3,0,0,2,2,0,-1.61384129643709,3033.276875,4509.96,1688.8,860.1758737444809,12.475000000000001,1.2975184033256095,11.097916666666666,0.8332354762520731,91.45833333333333,5.573550029407979,201.875,7.4208333333333325,5.163296829191742,1016.2854166666667,1.5961176220487787,3033.695891203703
2021-01-25,2021.0685,CHNCHNINDINDIND,CHNCHNNPLNPLINDIND,2,036036036036012110070070010013020010,036036036036012110070070010013020010,030303030111070701010201,2.5833333333333335,0.35757280440266004,INCHININNPNPININININ,29.07973,81.61691,INCHNPINININININ,29.312337499999998,81.7012,ININININININININININININ,28.616675,77.204175,0,0,4,0,0,"KILL#40#CRPF personnel#4#Balakot, North-west Frontier, Pakistan#PK#PK03#34.8563#72.5701#9205744;CRISISLEX_T03_DEAD#40#CRPF personnel#4#Balakot, North-west Frontier, Pakistan#PK#PK03#34.8563#72.5701#9205744;KILL#200#riends#1#India#IN#IN#20#77#IN;WOUND#002##1#India#IN#IN#20#77#IN;KILL#20##1#India#IN#IN#20#77#IN;KILL#2#terrorists#4#Handwara, Jammu And Kashmir, India#IN#IN12#34.4#74.2833#-2097101;CRISISLEX_T03_DEAD#2#terrorists#4#Handwara, Jammu And Kashmir, India#IN#IN12#34.4#74.2833#-2097101;","KILL#40#CRPF personnel#4#Balakot, North-west Frontier, Pakistan#PK#PK03#34.8563#72.5701#9205744#334;CRISISLEX_T03_DEAD#40#CRPF personnel#4#Balakot, North-west Frontier, Pakistan#PK#PK03#34.8563#72.5701#9205744#334;KILL#200#riends#1#India#IN#IN#20#77#IN#3380;WOUND#002##1#India#IN#IN#20#77#IN#5850;KILL#20##1#India#IN#IN#20#77#IN#3441;KILL#2#terrorists#4#Handwara, Jammu And Kashmir, India#IN#IN12#34.4#74.2833#-2097101#476;CRISISLEX_T03_DEAD#2#terrorists#4#Handwara, Jammu And Kashmir, India#IN#IN12#34.4#74.2833#-2097101#476;",,2,0,0,2,1,0,-1.5786776754496639,3151.7322916666667,4809.99,1546.35,996.8546230054178,12.033333333333333,2.6030269166721784,10.097916666666666,1.3497951193094093,88.52083333333333,9.525296414128213,233.54166666666666,6.891666666666667,4.0957103420011185,1018.3895833333333,1.2864731113405181,3151.434328703703
2021-01-26,2021.0711999999999,0,0,3,043128145175042,043128145175042,0412141704,-3.3600000000000003,-6.627692556080708,AUAUINUS,42.400125,-3.040074999999998,USINAU,40.466833333333334,-9.508999999999999,INININININ,28.619979999999998,77.21997999999999,1,1,2,1,0,"PROTEST#20000##3#San Francisco, California, United States#US#USCA#37.7749#-122.419#277593;PROTEST#20000##3#San Francisco, California, United States#US#USCA#37.7749#-122.419#277593;AFFECT#300#artistes#4#Delhi, Delhi, India#IN#IN07#28.6667#77.2167#-2094230;AFFECT#300#artistes#4#Delhi, Delhi, India#IN#IN07#28.6667#77.2167#-2094230;CRISISLEX_C04_LOGISTICS_TRANSPORT#300#artistes#4#Delhi, Delhi, India#IN#IN07#28.6667#77.2167#-2094230;WOUND#83#police personnel#4#Delhi, Delhi, India#IN#IN07#28.6667#77.2167#-2094230;CRISISLEX_CRISISLEXREC#83#police personnel#4#Delhi, Delhi, India#IN#IN07#28.6667#77.2167#-2094230;CRISISLEX_C03_WELLBEING_HEALTH#83#police personnel#4#Delhi, Delhi, India#IN#IN07#28.6667#77.2167#-2094230;CRISISLEX_T02_INJURED#83#police personnel#4#Delhi, Delhi, India#IN#IN07#28.6667#77.2167#-2094230;PROTEST#3##4#Nangloi, Delhi, India#IN#IN07#28.6833#77.0667#-2105664;PROTEST#20000##3#San Francisco, California, United States#US#USCA#37.7749#-122.419#277593;PROTEST#20000##3#San Francisco, California, United States#US#USCA#37.7749#-122.419#277593;PROTEST#20000##1#United States#US#US#39.828175#-98.5795#US;PROTEST#20000##3#San Francisco, California, United States#US#USCA#37.7749#-122.419#277593;PROTEST#20000##1#United States#US#US#39.828175#-98.5795#US;PROTEST#20000##3#San Francisco, California, United States#US#USCA#37.7749#-122.419#277593;PROTEST#20000##3#San Francisco, California, United States#US#USCA#37.7749#-122.419#277593;PROTEST#2000#Indian farmers#1#India#IN#IN#20#77#IN;PROTEST#3##4#Red Fort, Delhi, India#IN#IN07#28.6333#77.2333#-2109338;WOUND#3#protesters#4#Red Fort, Delhi, India#IN#IN07#28.6333#77.2333#-2109338;CRISISLEX_CRISISLEXREC#3#protesters#4#Red Fort, Delhi, India#IN#IN07#28.6333#77.2333#-2109338;CRISISLEX_C03_WELLBEING_HEALTH#3#protesters#4#Red Fort, Delhi, India#IN#IN07#28.6333#77.2333#-2109338;CRISISLEX_T02_INJURED#3#protesters#4#Red Fort, Delhi, India#IN#IN07#28.6333#77.2333#-2109338;PROTEST#200##1#India#IN#IN#20#77#IN;PROTEST#200##1#India#IN#IN#20#77#IN;PROTEST#3##1#India#IN#IN#20#77#IN;PROTEST#5##1#India#IN#IN#20#77#IN;PROTEST#20000##2#New York, United States#US#USNY#42.1497#-74.9384#NY;PROTEST#20000##1#United States#US#US#39.828175#-98.5795#US;KILL#100#pass#1#United States#US#US#39.828175#-98.5795#US;KILL#100##4#London, London, City Of, United Kingdom#UK#UKH9#51.5#-0.116667#-2601889;KILL#2000000##1#United Kingdom#UK#UK#54#-4#UK;CRISISLEX_CRISISLEXREC#2000000##1#United Kingdom#UK#UK#54#-4#UK;CRISISLEX_T02_INJURED#2000000##1#United Kingdom#UK#UK#54#-4#UK;CRISISLEX_T03_DEAD#2000000##1#United Kingdom#UK#UK#54#-4#UK;CRISISLEX_T03_DEAD#2000000##1#United Kingdom#UK#UK#54#-4#UK;KILL#4##4#Wuhan, Hubei, China#CH#CH12#30.5833#114.267#-1930776;KILL#91##1#India#IN#IN#20#77#IN;PROTEST#20000##3#San Francisco, California, United States#US#USCA#37.7749#-122.419#277593;","PROTEST#20000##3#San Francisco, California, United States#US#USCA#37.7749#-122.419#277593#2115;PROTEST#20000##3#San Francisco, California, United States#US#USCA#37.7749#-122.419#277593#2116;AFFECT#300#artistes#4#Delhi, Delhi, India#IN#IN07#28.6667#77.2167#-2094230#32;AFFECT#300#artistes#4#Delhi, Delhi, India#IN#IN07#28.6667#77.2167#-2094230#32;CRISISLEX_C04_LOGISTICS_TRANSPORT#300#artistes#4#Delhi, Delhi, India#IN#IN07#28.6667#77.2167#-2094230#32;WOUND#83#police personnel#4#Delhi, Delhi, India#IN#IN07#28.6667#77.2167#-2094230#962;CRISISLEX_CRISISLEXREC#83#police personnel#4#Delhi, Delhi, India#IN#IN07#28.6667#77.2167#-2094230#962;CRISISLEX_C03_WELLBEING_HEALTH#83#police personnel#4#Delhi, Delhi, India#IN#IN07#28.6667#77.2167#-2094230#962;CRISISLEX_T02_INJURED#83#police personnel#4#Delhi, Delhi, India#IN#IN07#28.6667#77.2167#-2094230#962;PROTEST#3##4#Nangloi, Delhi, India#IN#IN07#28.6833#77.0667#-2105664#1522;PROTEST#20000##3#San Francisco, California, United States#US#USCA#37.7749#-122.419#277593#2110;PROTEST#20000##3#San Francisco, California, United States#US#USCA#37.7749#-122.419#277593#2113;PROTEST#20000##1#United States#US#US#39.828175#-98.5795#US#1529;PROTEST#20000##3#San Francisco, California, United States#US#USCA#37.7749#-122.419#277593#2116;PROTEST#20000##1#United States#US#US#39.828175#-98.5795#US#1529;PROTEST#20000##3#San Francisco, California, United States#US#USCA#37.7749#-122.419#277593#2116;PROTEST#20000##3#San Francisco, California, United States#US#USCA#37.7749#-122.419#277593#2116;PROTEST#2000#Indian farmers#1#India#IN#IN#20#77#IN#0;PROTEST#3##4#Red Fort, Delhi, India#IN#IN07#28.6333#77.2333#-2109338#744;WOUND#3#protesters#4#Red Fort, Delhi, India#IN#IN07#28.6333#77.2333#-2109338#744;CRISISLEX_CRISISLEXREC#3#protesters#4#Red Fort, Delhi, India#IN#IN07#28.6333#77.2333#-2109338#744;CRISISLEX_C03_WELLBEING_HEALTH#3#protesters#4#Red Fort, Delhi, India#IN#IN07#28.6333#77.2333#-2109338#744;CRISISLEX_T02_INJURED#3#protesters#4#Red Fort, Delhi, India#IN#IN07#28.6333#77.2333#-2109338#744;PROTEST#200##1#India#IN#IN#20#77#IN#1342;PROTEST#200##1#India#IN#IN#20#77#IN#1667;PROTEST#3##1#India#IN#IN#20#77#IN#1718;PROTEST#5##1#India#IN#IN#20#77#IN#0;PROTEST#20000##2#New York, United States#US#USNY#42.1497#-74.9384#NY#125;PROTEST#20000##1#United States#US#US#39.828175#-98.5795#US#2924;KILL#100#pass#1#United States#US#US#39.828175#-98.5795#US#4818;KILL#100##4#London, London, City Of, United Kingdom#UK#UKH9#51.5#-0.116667#-2601889#4986;KILL#2000000##1#United Kingdom#UK#UK#54#-4#UK#5732;CRISISLEX_CRISISLEXREC#2000000##1#United Kingdom#UK#UK#54#-4#UK#5732;CRISISLEX_T02_INJURED#2000000##1#United Kingdom#UK#UK#54#-4#UK#5732;CRISISLEX_T03_DEAD#2000000##1#United Kingdom#UK#UK#54#-4#UK#5732;CRISISLEX_T03_DEAD#2000000##1#United Kingdom#UK#UK#54#-4#UK#5732;KILL#4##4#Wuhan, Hubei, China#CH#CH12#30.5833#114.267#-1930776#6144;KILL#91##1#India#IN#IN#20#77#IN#12810;PROTEST#20000##3#San Francisco, California, United States#US#USCA#37.7749#-122.419#277593#2113;",,15,0,0,15,16,1,-3.4952424879349815,2596.561701388889,3809.59,1590.02,671.9426419499027,12.558333333333334,4.127641166912097,8.064583333333333,1.8548540237650373,77.47916666666667,19.990927820437737,115.83333333333333,3.4,4.368783786936988,1017.8625000000001,1.2227161744269577,2597.9601620370368
2021-01-27,2021.074,GBR,GBR,0,173,173,17,-5.0,-7.85953177257525,IN,28.6667,77.2167,IN,28.6667,77.2167,IN,28.6667,77.2167,0,0,0,1,0,0,0,,0,0,0,0,0,0,,3015.703645833333,4590.52,1341.82,1030.163542863727,12.816666666666666,4.274517312848287,8.389583333333333,1.5504396926092012,77.41666666666667,18.492488351640002,163.75,5.491666666666666,5.337808082157997,1017.5187500000001,1.1546584181989883,3014.547777777778
2021-01-28,2021.0767000000003,0,0,2,020111125,020111125,021112,-1.3333333333333333,-4.667984619163673,INININ,28.65556666666667,77.22223333333334,IN,28.6667,77.2167,INININ,28.65556666666667,77.22223333333334,0,0,0,0,0,"PROTEST#3##1#Canada#CA#CA#60#-96#CA;PROTEST#200#rdinary#4#Red Fort, Delhi, India#IN#IN07#28.6333#77.2333#-2109338;PROTEST#15#farm unions#4#Red Fort, Delhi, India#IN#IN07#28.6333#77.2333#-2109338;","PROTEST#3##1#Canada#CA#CA#60#-96#CA#3581;PROTEST#200#rdinary#4#Red Fort, Delhi, India#IN#IN07#28.6333#77.2333#-2109338#231;PROTEST#15#farm unions#4#Red Fort, Delhi, India#IN#IN07#28.6333#77.2333#-2109338#1575;",,4,0,1,1,2,3,-1.3125919913154396,3107.748159722222,4564.71,1565.31,937.0807486923268,12.425,4.039724349791659,7.6187499999999995,1.697260294919669,75.75,19.690107882692182,101.25,2.575,3.7567778468976267,1018.2645833333333,1.3263593382174246,3107.689363425926
2021-01-29,2021.0795,0,0,1,111,111,11,-2.0,-5.10440835266822,IN,28.6667,77.2167,0,,,IN,28.6667,77.2167,0,0,0,0,0,0,0,,3,0,0,0,0,0,-4.05679339749467,3122.8087847222223,4751.98,1542.91,979.2681867457892,12.5125,3.948075436407967,8.345833333333333,1.6364691744377644,77.83333333333333,15.941967929443788,167.29166666666666,6.6875,6.416603843003617,1018.7770833333333,1.2094124901904921,3122.7149189814813
2021-01-30,2021.0822,ISRISRISR,ISRISR,5,042042043010043,042042043010043,0404040104,1.8799999999999997,-2.29885057471265,INININISIN,29.233359999999998,68.72336,ISISINININ,29.80002,60.23002,INININININ,28.6667,77.2167,0,0,4,0,0,"ARREST#5#terrorists#4#Delhi, Delhi, India#IN#IN07#28.6667#77.2167#-2094230;SOC_GENERALCRIME#5#terrorists#4#Delhi, Delhi, India#IN#IN07#28.6667#77.2167#-2094230;CRISISLEX_C07_SAFETY#5#terrorists#4#Delhi, Delhi, India#IN#IN07#28.6667#77.2167#-2094230;WOUND#200##1#India#IN#IN#20#77#IN;CRISISLEX_CRISISLEXREC#200##1#India#IN#IN#20#77#IN;CRISISLEX_C03_WELLBEING_HEALTH#200##1#India#IN#IN#20#77#IN;CRISISLEX_T02_INJURED#200##1#India#IN#IN#20#77#IN;PROTEST#20000##1#India#IN#IN#20#77#IN;","ARREST#5#terrorists#4#Delhi, Delhi, India#IN#IN07#28.6667#77.2167#-2094230#2549;SOC_GENERALCRIME#5#terrorists#4#Delhi, Delhi, India#IN#IN07#28.6667#77.2167#-2094230#2549;CRISISLEX_C07_SAFETY#5#terrorists#4#Delhi, Delhi, India#IN#IN07#28.6667#77.2167#-2094230#2549;WOUND#200##1#India#IN#IN#20#77#IN#189;CRISISLEX_CRISISLEXREC#200##1#India#IN#IN#20#77#IN#189;CRISISLEX_C03_WELLBEING_HEALTH#200##1#India#IN#IN#20#77#IN#189;CRISISLEX_T02_INJURED#200##1#India#IN#IN#20#77#IN#189;PROTEST#20000##1#India#IN#IN#20#77#IN#311;",,3,0,0,1,0,2,-2.130226930049431,2983.9701041666667,4383.31,1660.21,827.6399125267619,12.475000000000001,4.39314480234324,6.689583333333333,1.285660326006678,71.58333333333333,20.650231372774698,174.79166666666666,6.595833333333333,5.8054146898610375,1017.1500000000001,1.4015422068175598,2984.2611805555553
2021-01-31,,0,0,0,0,0,0,,,0,,,0,,,0,,,0,0,0,0,0,ARREST#4#peddlers#1#Sri Lanka#CE#CE#7#81#CE;SOC_GENERALCRIME#4#peddlers#1#Sri Lanka#CE#CE#7#81#CE;CRISISLEX_C07_SAFETY#4#peddlers#1#Sri Lanka#CE#CE#7#81#CE;ARREST#4#peddlers#1#Sri Lanka#CE#CE#7#81#CE;SOC_GENERALCRIME#4#peddlers#1#Sri Lanka#CE#CE#7#81#CE;CRISISLEX_C07_SAFETY#4#peddlers#1#Sri Lanka#CE#CE#7#81#CE;,ARREST#4#peddlers#1#Sri Lanka#CE#CE#7#81#CE#220;SOC_GENERALCRIME#4#peddlers#1#Sri Lanka#CE#CE#7#81#CE#220;CRISISLEX_C07_SAFETY#4#peddlers#1#Sri Lanka#CE#CE#7#81#CE#220;ARREST#4#peddlers#1#Sri Lanka#CE#CE#7#81#CE#220;SOC_GENERALCRIME#4#peddlers#1#Sri Lanka#CE#CE#7#81#CE#220;CRISISLEX_C07_SAFETY#4#peddlers#1#Sri Lanka#CE#CE#7#81#CE#220;,,2,0,0,0,0,0,-3.669422061683805,2844.0062500000004,4354.15,1523.01,847.8233851152353,13.229166666666666,4.7251993302718365,6.195833333333334,1.393007675239179,66.20833333333333,20.173075166480526,105.20833333333333,3.2125000000000004,3.4812964664199475,1017.5479166666667,1.2251697599787426,2844.317361111111
2021-02-01,,0,0,0,0,0,0,,,0,,,0,,,0,,,0,0,0,0,0,0,0,,1,0,1,1,1,0,3.240021064403715,2935.9204166666664,4278.94,1524.32,854.8043006254532,16.370833333333334,5.802461030198189,7.543749999999999,2.0235105504383197,61.791666666666664,24.627645155867924,114.375,3.8625000000000003,4.632830502716342,1019.1812500000001,1.150849935879,2935.753148148148
2021-02-02,,0,0,0,0,0,0,,,0,,,0,,,0,,,0,0,0,0,0,"KILL#2##4#Delhi, Delhi, India#IN#IN07#28.6667#77.2167#-2094230;CRISISLEX_T03_DEAD#2##4#Delhi, Delhi, India#IN#IN07#28.6667#77.2167#-2094230;KILL#858##4#Delhi, Delhi, India#IN#IN07#28.6667#77.2167#-2094230;","KILL#2##4#Delhi, Delhi, India#IN#IN07#28.6667#77.2167#-2094230#97;CRISISLEX_T03_DEAD#2##4#Delhi, Delhi, India#IN#IN07#28.6667#77.2167#-2094230#97;KILL#858##4#Delhi, Delhi, India#IN#IN07#28.6667#77.2167#-2094230#383;",,2,0,0,1,1,1,-0.48363442090168657,2891.8609374999996,4324.91,1524.89,861.1299585115808,17.033333333333335,4.798664157903575,10.270833333333334,2.529846230745956,70.0625,24.615289079066116,92.29166666666667,3.8499999999999996,3.7685291357093016,1017.5062499999999,1.365029578115066,2892.293761574074
2021-02-03,,0,0,0,0,0,0,,,0,,,0,,,0,,,0,0,0,0,0,"PROTEST#3##1#India#IN#IN#20#77#IN;KILL#5##4#Norfolk County, Ontario, Canada#CA#CA08#42.8333#-80.3333#-570257;CRISISLEX_T03_DEAD#5##4#Norfolk County, Ontario, Canada#CA#CA08#42.8333#-80.3333#-570257;KILL#67##4#Dunnville, Ontario, Canada#CA#CA08#42.9#-79.6167#-563878;","PROTEST#3##1#India#IN#IN#20#77#IN#529;KILL#5##4#Norfolk County, Ontario, Canada#CA#CA08#42.8333#-80.3333#-570257#381;CRISISLEX_T03_DEAD#5##4#Norfolk County, Ontario, Canada#CA#CA08#42.8333#-80.3333#-570257#381;KILL#67##4#Dunnville, Ontario, Canada#CA#CA08#42.9#-79.6167#-563878#1365;",,1,0,0,1,1,0,-2.345919400949885,2601.687048611111,3486.18,1625.97,602.1747310857182,18.158333333333335,3.8088014704254363,12.672916666666667,1.893808682006135,73.35416666666667,18.628391934429487,112.91666666666667,11.575,2.440297577101687,1015.7541666666667,1.0158242735355338,2601.8426273148148
2021-02-04,2021.0931999999998,CANCANINDINDUSAUSA,INDIND,8,012012046046046051046046046141141051051,012012046046046051046046046141141051051,01010404040504040414140505,2.9538461538461536,-0.9479000593370717,CAUKINININININININININUSIN,33.791946153846155,45.77413846153846,INININININININININININININ,28.641046153846155,77.21027692307692,INININININININININININININ,28.641046153846155,77.21027692307692,2,0,9,0,0,WOUND#3#new farm laws#1#India#IN#IN#20#77#IN;WOUND#24##1#India#IN#IN#20#77#IN;CRISISLEX_CRISISLEXREC#24##1#India#IN#IN#20#77#IN;CRISISLEX_C03_WELLBEING_HEALTH#24##1#India#IN#IN#20#77#IN;CRISISLEX_T02_INJURED#24##1#India#IN#IN#20#77#IN;AFFECT#2000000#Indian farmers#1#India#IN#IN#20#77#IN;WOUND#24##1#India#IN#IN#20#77#IN;CRISISLEX_CRISISLEXREC#24##1#India#IN#IN#20#77#IN;CRISISLEX_C03_WELLBEING_HEALTH#24##1#India#IN#IN#20#77#IN;CRISISLEX_T02_INJURED#24##1#India#IN#IN#20#77#IN;AFFECT#2000000#Indian farmers#1#India#IN#IN#20#77#IN;PROTEST#3##1#United States#US#US#39.828175#-98.5795#US;ARREST#2##1#Sri Lanka#CE#CE#7#81#CE;SOC_GENERALCRIME#2##1#Sri Lanka#CE#CE#7#81#CE;CRISISLEX_C07_SAFETY#2##1#Sri Lanka#CE#CE#7#81#CE;ARREST#74#Indian fishermen#1#Sri Lanka#CE#CE#7#81#CE;SOC_GENERALCRIME#74#Indian fishermen#1#Sri Lanka#CE#CE#7#81#CE;CRISISLEX_C07_SAFETY#74#Indian fishermen#1#Sri Lanka#CE#CE#7#81#CE;ARREST#2##1#Sri Lanka#CE#CE#7#81#CE;SOC_GENERALCRIME#2##1#Sri Lanka#CE#CE#7#81#CE;CRISISLEX_C07_SAFETY#2##1#Sri Lanka#CE#CE#7#81#CE;ARREST#62#boats#1#Sri Lanka#CE#CE#7#81#CE;,WOUND#3#new farm laws#1#India#IN#IN#20#77#IN#1642;WOUND#24##1#India#IN#IN#20#77#IN#729;CRISISLEX_CRISISLEXREC#24##1#India#IN#IN#20#77#IN#729;CRISISLEX_C03_WELLBEING_HEALTH#24##1#India#IN#IN#20#77#IN#729;CRISISLEX_T02_INJURED#24##1#India#IN#IN#20#77#IN#729;AFFECT#2000000#Indian farmers#1#India#IN#IN#20#77#IN#960;WOUND#24##1#India#IN#IN#20#77#IN#729;CRISISLEX_CRISISLEXREC#24##1#India#IN#IN#20#77#IN#729;CRISISLEX_C03_WELLBEING_HEALTH#24##1#India#IN#IN#20#77#IN#729;CRISISLEX_T02_INJURED#24##1#India#IN#IN#20#77#IN#729;AFFECT#2000000#Indian farmers#1#India#IN#IN#20#77#IN#960;PROTEST#3##1#United States#US#US#39.828175#-98.5795#US#1795;ARREST#2##1#Sri Lanka#CE#CE#7#81#CE#391;SOC_GENERALCRIME#2##1#Sri Lanka#CE#CE#7#81#CE#391;CRISISLEX_C07_SAFETY#2##1#Sri Lanka#CE#CE#7#81#CE#391;ARREST#74#Indian fishermen#1#Sri Lanka#CE#CE#7#81#CE#469;SOC_GENERALCRIME#74#Indian fishermen#1#Sri Lanka#CE#CE#7#81#CE#469;CRISISLEX_C07_SAFETY#74#Indian fishermen#1#Sri Lanka#CE#CE#7#81#CE#469;ARREST#2##1#Sri Lanka#CE#CE#7#81#CE#695;SOC_GENERALCRIME#2##1#Sri Lanka#CE#CE#7#81#CE#695;CRISISLEX_C07_SAFETY#2##1#Sri Lanka#CE#CE#7#81#CE#695;ARREST#62#boats#1#Sri Lanka#CE#CE#7#81#CE#1005;,,7,0,0,4,2,3,-1.6777976128791656,2638.73,2638.73,2638.73,,17.2,,13.7,,80.0,,90.0,7.6,,1016.7,,2155.253333333333
